﻿{"cameraMode":{"drawMode":0,"name":"Shaded","section":"Shading Mode"},"sceneLighting":true,"audioPlay":false,"sceneViewState":{"showFog":true,"showMaterialUpdate":false,"showSkybox":true,"showFlares":true,"showImageEffects":true,"showParticleSystems":true},"in2DMode":false,"pivot":{"x":0.7271388173103333,"y":0.7698450088500977,"z":0.4203042984008789},"rotation":{"x":-0.2986719310283661,"y":-0.006592801306396723,"z":0.00205436022952199,"w":-0.9543308615684509},"size":8.217140197753907,"orthographic":false}